time,A_segment,B_segment,A_total_ASPE_raw,A_total_ASPEdot_raw,B_total_ASPE_raw,B_total_ASPEdot_raw,A_center_x,A_center_y,B_center_x,B_center_y,A_speed,B_speed,centroid_distance
0.0,A_start,B_start,391.1189355907,4.932310024018,391.1189355907,4.932310024018,-76.0,10.5,76.0,-10.5,5.2,5.2,153.4438007871
0.1,A_cruise,B_cruise,391.6062459454,4.969164061894,391.6062459454,4.969164061894,-75.48,10.5,75.48,-10.5,5.2,5.2,152.4136529318
0.2,A_cruise,B_cruise,392.0971041042,5.006515997919,392.0971041042,5.006515997919,-74.96,10.5,74.96,-10.5,5.2,5.2,151.383639803
0.3,A_cruise,B_cruise,392.5915558816,5.044375451656,392.5915558816,5.044375451656,-74.44,10.5,74.44,-10.5,5.2,5.2,150.3537641697
0.4,A_cruise,B_cruise,393.0896479148,5.082752281352,393.0896479148,5.082752281352,-73.92,10.5,73.92,-10.5,5.2,5.2,149.3240288768
0.5,A_cruise,B_cruise,393.5914276819,5.121656591059,393.5914276819,5.121656591059,-73.4,10.5,73.4,-10.5,5.2,5.2,148.2944368478
0.6,A_cruise,B_cruise,394.0969435206,5.161098737996,394.0969435206,5.161098737996,-72.88,10.5,72.88,-10.5,5.2,5.2,147.2649910875
0.7,A_cruise,B_cruise,394.6062446471,5.201089340163,394.6062446471,5.201089340163,-72.36,10.5,72.36,-10.5,5.2,5.2,146.235694685
0.8,A_cruise,B_cruise,395.1193811754,5.241639284217,395.1193811754,5.241639284217,-71.84,10.5,71.84,-10.5,5.2,5.2,145.2065508164
0.9,A_cruise,B_cruise,395.6364041377,5.282759733617,395.6364041377,5.282759733617,-71.32,10.5,71.32,-10.5,5.2,5.2,144.1775627482
1.0,A_cruise,B_cruise,396.1573655551,5.324462141482,396.1573655551,5.324462141482,-70.8,10.5,70.8,-10.5,5.2,5.2,143.14873384
1.1,A_cruise,B_cruise,396.6823185743,5.366758269595,396.6823185743,5.366758269595,-70.28,10.5,70.28,-10.5,5.2,5.2,142.1200675485
1.2,A_cruise,B_cruise,397.2113168524,5.40966014169,397.2113168524,5.40966014169,-69.76,10.5,69.76,-10.5,5.2,5.2,141.0915674305
1.3,A_cruise,B_cruise,397.7444153029,5.453180115767,397.7444153029,5.453180115767,-69.24,10.5,69.24,-10.5,5.2,5.2,140.0632371467
1.4,A_cruise,B_cruise,398.2816698644,5.497330871788,398.2816698644,5.497330871788,-68.72,10.5,68.72,-10.5,5.2,5.2,139.0350804653
1.5,A_cruise,B_cruise,398.8231375234,5.542125421669,398.8231375234,5.542125421669,-68.2,10.5,68.2,-10.5,5.2,5.2,138.0071012666
1.6,A_cruise,B_cruise,399.3688763377,5.587577119629,399.3688763377,5.587577119628,-67.68,10.5,67.68,-10.5,5.2,5.2,136.9793035462
1.7,A_cruise,B_cruise,399.9189454608,5.633699672884,399.9189454608,5.633699672884,-67.16,10.5,67.16,-10.5,5.2,5.2,135.9516914202
1.8,A_cruise,B_cruise,400.473405166,5.680507152735,400.473405166,5.680507152735,-66.64,10.5,66.64,-10.5,5.2,5.2,134.924269129
1.9,A_cruise,B_cruise,401.032316872,5.728014006031,401.032316872,5.728014006031,-66.12,10.5,66.12,-10.5,5.2,5.2,133.8970410427
2.0,A_cruise,B_cruise,401.595743168,5.776235067037,401.595743168,5.776235067037,-65.6,10.5,65.6,-10.5,5.2,5.2,132.8700116655
2.1,A_cruise,B_cruise,402.1637478405,5.825185569725,402.1637478405,5.825185569725,-65.08,10.5,65.08,-10.5,5.2,5.2,131.8431856411
2.2,A_cruise,B_cruise,402.7363958999,5.874881160489,402.7363958999,5.874881160489,-64.56,10.5,64.56,-10.5,5.2,5.2,130.8165677581
2.3,A_cruise,B_cruise,403.3137536077,5.925337911308,403.3137536077,5.925337911308,-64.04,10.5,64.04,-10.5,5.2,5.2,129.7901629554
2.4,A_cruise,B_cruise,403.8958885049,5.976572333383,403.8958885049,5.976572333383,-63.52,10.5,63.52,-10.5,5.2,5.2,128.7639763288
2.5,A_cruise,B_cruise,404.4828694402,6.028601391234,404.4828694402,6.028601391234,-63.0,10.5,63.0,-10.5,5.2,5.2,127.7380131363
2.6,A_cruise,B_cruise,405.0747665993,6.081442517312,405.0747665993,6.081442517312,-62.48,10.5,62.48,-10.5,5.2,5.2,126.7122788052
2.7,A_cruise,B_cruise,405.6716515348,6.135113627107,405.6716515348,6.135113627107,-61.96,10.5,61.96,-10.5,5.2,5.2,125.6867789388
2.8,A_cruise,B_cruise,406.2735971961,6.189633134803,406.2735971961,6.189633134803,-61.44,10.5,61.44,-10.5,5.2,5.2,124.6615193233
2.9,A_cruise,B_cruise,406.8806779607,6.245019969464,406.8806779607,6.245019969463,-60.92,10.5,60.92,-10.5,5.2,5.2,123.6365059357
3.0,A_cruise,B_cruise,407.4929696652,6.301293591798,407.4929696652,6.301293591798,-60.4,10.5,60.4,-10.5,5.2,5.2,122.6117449513
3.1,A_cruise,B_cruise,408.110549638,6.358474011503,408.110549638,6.358474011503,-59.88,10.5,59.88,-10.5,5.2,5.2,121.5872427519
3.2,A_cruise,B_cruise,408.733496731,6.416581805211,408.733496731,6.416581805211,-59.36,10.5,59.36,-10.5,5.2,5.2,120.5630059347
3.3,A_cruise,B_cruise,409.3618913534,6.475638135057,409.3618913534,6.475638135057,-58.84,10.5,58.84,-10.5,5.2,5.2,119.5390413212
3.4,A_cruise,B_cruise,409.9958155052,6.53566476789,409.9958155052,6.53566476789,-58.32,10.5,58.32,-10.5,5.2,5.2,118.5153559671
3.5,A_cruise,B_cruise,410.6353537504,6.596684195505,410.6353537504,6.596684195505,-57.8,10.5,57.8,-10.5,5.2,5.2,117.4919571715
3.6,A_cruise,B_cruise,411.2805913467,6.658719454306,411.2805913467,6.658719454306,-57.28,10.5,57.28,-10.5,5.2,5.2,116.4688524886
3.7,A_cruise,B_cruise,411.9316144566,6.72179416122,411.9316144566,6.721794161221,-56.76,10.5,56.76,-10.5,5.2,5.2,115.4460497375
3.8,A_cruise,B_cruise,412.5885117935,6.785932708472,412.5885117935,6.785932708472,-56.24,10.5,56.24,-10.5,5.2,5.2,114.4235570152
3.9,A_cruise,B_cruise,413.2513738015,6.851160194765,413.2513738015,6.851160194765,-55.72,10.5,55.72,-10.5,5.2,5.2,113.4013827076
4.0,A_cruise,B_cruise,413.920292014,6.917502358512,413.920292014,6.917502358512,-55.2,10.5,55.2,-10.5,5.2,5.2,112.3795355036
4.1,A_cruise,B_cruise,414.5953615158,6.984985917323,414.5953612948,6.984985893385,-54.68,10.5,54.68,-10.5,5.2,5.2,111.3580244078
4.2,A_cruise,B_cruise,415.2766693133,7.053637269256,415.2766693133,7.053637269256,-54.16,10.5,54.16,-10.5,5.2,5.2,110.3368587554
4.3,A_cruise,B_cruise,415.9643216901,7.12348550247,415.9643216901,7.12348550247,-53.64,10.5,53.64,-10.5,5.2,5.2,109.3160482271
4.4,A_cruise,B_cruise,416.6584184829,7.194559639236,416.6584184829,7.194559639236,-53.12,10.5,53.12,-10.5,5.2,5.2,108.2956028655
4.5,A_cruise,B_cruise,417.3590615098,7.266889564879,417.3590615098,7.266889564879,-52.6,10.5,52.6,-10.5,5.2,5.2,107.2755330912
4.6,A_cruise,B_cruise,418.0663546095,7.340506056273,418.0663546095,7.340506056273,-52.08,10.5,52.08,-10.5,5.2,5.2,106.2558497213
4.7,A_cruise,B_cruise,418.7804036771,7.415440810915,418.7804036771,7.415440810915,-51.56,10.5,51.56,-10.5,5.2,5.2,105.236563988
4.8,A_cruise,B_cruise,419.5013167,7.491726476826,419.5013167,7.491726476827,-51.04,10.5,51.04,-10.5,5.2,5.2,104.2176875583
4.9,A_cruise,B_cruise,420.2292012714,7.569396374985,420.2292012714,7.569396374985,-50.52,10.5,50.52,-10.5,5.2,5.2,103.1992325553
5.0,A_cruise,B_cruise,420.9641718544,7.648485410176,420.9641718544,7.648485410176,-50.0,10.5,50.0,-10.5,5.2,5.2,102.1812115802
5.1,A_cruise,B_cruise,421.7063104141,7.729025244181,421.7063104141,7.729025244181,-49.48,10.5,49.48,-10.5,5.2,5.2,101.1636377361
5.2,A_cruise,B_cruise,422.4557096008,7.811049552599,422.4557096008,7.811049552599,-48.96,10.5,48.96,-10.5,5.2,5.2,100.1465246526
5.3,A_cruise,B_cruise,423.2125402644,7.894602513067,423.2125402644,7.894602513067,-48.44,10.5,48.44,-10.5,5.2,5.2,99.1298865126
5.4,A_cruise,B_cruise,423.9769233689,7.979723088507,423.9769233689,7.979723088508,-47.92,10.5,47.92,-10.5,5.2,5.2,98.11373807984
5.5,A_cruise,B_cruise,424.7489821758,8.06645141938,424.7489821758,8.06645141938,-47.4,10.5,47.4,-10.5,5.2,5.2,97.09809472899
5.6,A_cruise,B_cruise,425.5288422686,8.154828859284,425.5288422686,8.154828859284,-46.88,10.5,46.88,-10.5,5.2,5.2,96.08297247692
5.7,A_cruise,B_cruise,426.3166315736,8.244898011097,426.3166315736,8.244898011097,-46.36,10.5,46.36,-10.5,5.2,5.2,95.06838801621
5.8,A_cruise,B_cruise,427.1124803783,8.336702763559,427.1124803783,8.336702763559,-45.84,10.5,45.84,-10.5,5.2,5.2,94.05435875067
5.9,A_cruise,B_cruise,427.9165213458,8.430288328202,427.9165213458,8.430288328202,-45.32,10.5,45.32,-10.5,5.2,5.2,93.04090283311
6.0,A_cruise,B_cruise,428.7288895253,8.525701276503,428.7288895253,8.525701276503,-44.8,10.5,44.8,-10.5,5.2,5.2,92.02803920545
6.1,A_cruise,B_cruise,429.5497223579,8.622989577107,429.5497223579,8.622989577107,-44.28,10.5,44.28,-10.5,5.2,5.2,91.01578764149
6.2,A_cruise,B_cruise,430.379159677,8.722202632959,430.379159677,8.722202632959,-43.76,10.5,43.76,-10.5,5.2,5.2,90.00416879234
6.3,A_cruise,B_cruise,431.2173437025,8.823391318131,431.2173437025,8.823391318131,-43.24,10.5,43.24,-10.5,5.2,5.2,88.99320423493
6.4,A_cruise,B_cruise,432.0644190291,8.926608014115,432.0644190291,8.926608014115,-42.72,10.5,42.72,-10.5,5.2,5.2,87.98291652361
6.5,A_cruise,B_cruise,432.9205280401,9.031906171047,432.9205280401,9.031906171047,-42.2,10.5,42.2,-10.5,5.2,5.2,86.97332924523
6.6,A_cruise,B_cruise,433.785818835,9.139340999306,433.785818835,9.139340999306,-41.68,10.5,41.68,-10.5,5.2,5.2,85.96446707797
6.7,A_cruise,B_cruise,434.6604310138,9.248967879003,434.6604310138,9.248967879003,-41.16,10.5,41.16,-10.5,5.2,5.2,84.95635585405
6.8,A_cruise,B_cruise,435.5445347248,9.360847796345,435.5445347248,9.360847796345,-40.64,10.5,40.64,-10.5,5.2,5.2,83.94902262683
6.9,A_cruise,B_cruise,436.438285451,9.475041084689,436.438285451,9.475041084689,-40.12,10.5,40.12,-10.5,5.2,5.2,82.94249574253
7.0,A_cruise,B_cruise,437.3418363665,9.591609024466,437.3418363665,9.591609024466,-39.6,10.5,39.6,-10.5,5.2,5.2,81.93680491696
7.1,A_cruise,B_cruise,438.2553527473,9.710616285897,438.2553524514,9.710616248026,-39.08,10.5,39.08,-10.5,5.2,5.2,80.93198131765
7.2,A_cruise,B_cruise,439.1789859049,9.832127034925,439.1789859049,9.832127034925,-38.56,10.5,38.56,-10.5,5.2,5.2,79.92805765187
7.3,A_cruise,B_cruise,440.1129094536,9.956209825701,440.1129094536,9.956209825701,-38.04,10.5,38.04,-10.5,5.2,5.2,78.92506826098
7.4,A_cruise,B_cruise,441.0572886816,10.08293369274,441.0572886816,10.08293369274,-37.52,10.5,37.52,-10.5,5.2,5.2,77.92304922165
7.5,A_cruise,B_cruise,442.0122903217,10.21236941825,442.0122903217,10.21236941825,-37.0,10.5,37.0,-10.5,5.2,5.2,76.92203845453
7.6,A_cruise,B_cruise,442.978082357,10.34458952247,442.978082357,10.34458952247,-36.48,10.5,36.48,-10.5,5.2,5.2,75.92207584096
7.7,A_cruise,B_cruise,443.9548337919,10.479668243,443.9548337919,10.479668243,-35.96,10.5,35.96,-10.5,5.2,5.2,74.9232033485
7.8,A_cruise,B_cruise,444.94270396,10.6176798502,444.9427039601,10.6176798502,-35.44,10.5,35.44,-10.5,5.2,5.2,73.92546516594
7.9,A_cruise,B_cruise,445.9418474805,10.75869933952,445.9418474806,10.75869933952,-34.92,10.5,34.92,-10.5,5.2,5.2,72.92890784867
8.0,A_cruise,B_cruise,446.9527724047,10.90286448538,446.9527724047,10.90286448538,-34.4,10.5,34.4,-10.5,5.2,5.2,71.93358047532
8.1,A_cruise,B_cruise,447.9753787053,11.05021044055,447.9753787053,11.05021044055,-33.88,10.5,33.88,-10.5,5.2,5.2,70.93953481663
8.2,A_cruise,B_cruise,449.0097828663,11.20081000827,449.0097828663,11.20081000827,-33.36,10.5,33.36,-10.5,5.2,5.2,69.94682551767
8.3,A_cruise,B_cruise,450.0561536004,11.3547465531,450.0561536004,11.3547465531,-32.84,10.5,32.84,-10.5,5.2,5.2,68.95551029468
8.4,A_cruise,B_cruise,451.1146922905,11.51211093374,451.1146922905,11.51211093374,-32.32,10.5,32.32,-10.5,5.2,5.2,67.9656501477
8.5,A_cruise,B_cruise,452.1855649962,11.67298913088,452.1855649962,11.67298913088,-31.8,10.5,31.8,-10.5,5.2,5.2,66.97730959064
8.6,A_cruise,B_cruise,453.2689348639,11.83746788842,453.2689348639,11.83746788842,-31.28,10.5,31.28,-10.5,5.2,5.2,65.99055690021
8.7,A_cruise,B_cruise,454.3649387444,12.00563057083,454.3649387444,12.00563057083,-30.76,10.5,30.76,-10.5,5.2,5.2,65.0054643857
8.8,A_cruise,B_cruise,455.4737368093,12.17756537889,455.4737368093,12.17756537889,-30.24,10.5,30.24,-10.5,5.2,5.2,64.0221086813
8.9,A_cruise,B_cruise,456.5953922091,12.35334236337,456.5953922091,12.35334236337,-29.72,10.5,29.72,-10.5,5.2,5.2,63.0405710634
9.0,A_cruise,B_cruise,457.730081495,12.53305402646,457.730081495,12.53305402646,-29.2,10.5,29.2,-10.5,5.2,5.2,62.06093779504
9.1,A_cruise,B_cruise,458.8779927481,12.71679579445,458.8779927481,12.71679579445,-28.68,10.5,28.68,-10.5,5.2,5.2,61.08330050022
9.2,A_cruise,B_cruise,460.039242953,12.90464942822,460.039242953,12.90464942822,-28.16,10.5,28.16,-10.5,5.2,5.2,60.10775657101
9.3,A_cruise,B_cruise,461.2139482085,13.09669628949,461.2139482085,13.09669628949,-27.64,10.5,27.64,-10.5,5.2,5.2,59.13440961065
9.4,A_cruise,B_cruise,462.4021735664,13.29300739877,462.4021735664,13.29300739877,-27.12,10.5,27.12,-10.5,5.2,5.2,58.16336991613
9.5,A_cruise,B_cruise,463.6040275716,13.49365998611,463.6040275716,13.49365998611,-26.6,10.5,26.6,-10.5,5.2,5.2,57.19475500428
9.6,A_cruise,B_cruise,464.8195893596,13.69872363972,464.8195927597,13.69872439245,-26.08,10.5,26.08,-10.5,5.2,5.2,56.2286901857
9.7,A_cruise,B_cruise,466.0488260954,13.90824083842,466.0488260954,13.90824083842,-25.56,10.5,25.56,-10.5,5.2,5.2,55.26530919121
9.8,A_cruise,B_cruise,467.291840301,14.12228117428,467.291840301,14.12228117428,-25.04,10.5,25.04,-10.5,5.2,5.2,54.30475485627
9.9,A_cruise,B_cruise,468.548615453,14.34088418197,468.548615453,14.34088418197,-24.52,10.5,24.52,-10.5,5.2,5.2,53.34717986923
10.0,A_cruise,B_cruise,469.8190851528,14.56407299545,469.8190851528,14.56407299546,-24.0,10.5,24.0,-10.5,5.2,5.2,52.39274758972
10.1,A_cruise,B_cruise,471.1032423067,14.79187489347,471.1032423067,14.79187489348,-23.48,10.5,23.48,-10.5,5.2,5.2,51.44163294453
10.2,A_cruise,B_cruise,472.4009892367,15.02428997834,472.4009892368,15.02428997834,-22.96,10.5,22.96,-10.5,5.2,5.2,50.49402340872
10.3,A_cruise,B_cruise,473.7124338729,15.26136574204,473.7124338729,15.26136574204,-22.44,10.5,22.44,-10.5,5.2,5.2,49.55012008058
10.4,A_cruise,B_cruise,475.0375231648,15.50310227328,475.0375231648,15.50310227328,-21.92,10.5,21.92,-10.5,5.2,5.2,48.61013886012
10.5,A_cruise,B_cruise,476.3757109287,15.74935366552,476.3757109287,15.74935366552,-21.4,10.5,21.4,-10.5,5.2,5.2,47.67431174123
10.6,A_cruise,B_cruise,477.726842524,16.00006468683,477.726842524,16.00006468683,-20.88,10.5,20.88,-10.5,5.2,5.2,46.74288822912
10.7,A_cruise,B_cruise,479.0904434096,16.2550640738,479.0904434096,16.2550640738,-20.36,10.5,20.36,-10.5,5.2,5.2,45.8161368952
10.8,A_cruise,B_cruise,480.4660269645,16.51416761562,480.4660269645,16.51416761562,-19.84,10.5,19.84,-10.5,5.2,5.2,44.8943470829
10.9,A_cruise,B_cruise,481.8531119676,16.77715653475,481.8531119678,16.77715653481,-19.32,10.5,19.32,-10.5,5.2,5.2,43.9778307787
11.0,A_cruise,B_cruise,483.2510771947,17.04374704554,483.2510771949,17.04374704561,-18.8,10.5,18.8,-10.5,5.2,5.2,43.06692466383
11.1,A_cruise,B_cruise,484.6591659571,17.31358693111,484.6591659571,17.31358693111,-18.28,10.5,18.28,-10.5,5.2,5.2,42.16199236279
11.2,A_cruise,B_cruise,486.0765611332,17.58625371542,486.0765611331,17.58625371542,-17.76,10.5,17.76,-10.5,5.2,5.2,41.26342690568
11.3,A_cruise,B_cruise,487.5022676494,17.86122993219,487.5022676494,17.86122993218,-17.24,10.5,17.24,-10.5,5.2,5.2,40.37165342168
11.4,A_cruise,B_cruise,488.935077331,18.13788375188,488.935077331,18.13788375188,-16.72,10.5,16.72,-10.5,5.2,5.2,39.48713208122
11.5,A_cruise,B_cruise,490.3736476675,18.41546895276,490.3736476675,18.41546895276,-16.2,10.5,16.2,-10.5,5.2,5.2,38.61036130367
11.6,A_cruise,B_cruise,491.8163857806,18.6931185418,491.8163857806,18.6931185418,-15.68,10.5,15.68,-10.5,5.2,5.2,37.74188124617
11.7,A_cruise,B_cruise,493.264558471,18.97100376677,493.264558471,18.97100376676,-15.16,10.5,15.16,-10.5,5.2,5.2,36.88227758694
11.8,A_cruise,B_cruise,494.715269883,19.24766616373,494.715269883,19.24766616373,-14.64,10.5,14.64,-10.5,5.2,5.2,36.03218561231
11.9,A_cruise,B_cruise,496.162374522,19.52032130765,496.1623745219,19.52032130765,-14.12,10.5,14.12,-10.5,5.2,5.2,35.19229461118
12.0,A_cruise,B_cruise,497.6055814929,19.78807469103,497.6055814929,19.78807469103,-13.6,10.5,13.6,-10.5,5.2,5.2,34.36335257218
12.1,A_cruise,B_cruise,499.0418751325,20.04905227719,499.0418751325,20.04905227719,-13.08,10.5,13.08,-10.5,5.2,5.2,33.54617116751
12.2,A_cruise,B_cruise,500.4679736967,20.30103103241,500.4679736967,20.30103103241,-12.56,10.5,12.56,-10.5,5.2,5.2,32.74163099175
12.3,A_cruise,B_cruise,501.87988145,20.54128932355,501.87988145,20.54128932355,-12.04,10.5,12.04,-10.5,5.2,5.2,31.95068700357
12.4,A_cruise,B_cruise,503.2732496423,20.76669305323,503.2732496423,20.76669305323,-11.52,10.5,11.52,-10.5,5.2,5.2,31.17437409155
12.5,A_cruise,B_cruise,504.6428261556,20.97362577585,504.6428261556,20.97362577586,-11.0,10.5,11.0,-10.5,5.2,5.2,30.41381265149
12.6,A_cruise,B_cruise,505.9825986221,21.15786036185,505.9825986221,21.15786036184,-10.48,10.5,10.48,-10.5,5.2,5.2,29.67021402012
12.7,A_cruise,B_cruise,507.2843845373,21.31638495248,507.2843845373,21.31638495248,-9.96,10.5,9.96,-10.5,5.2,5.2,28.94488555859
12.8,A_cruise,B_cruise,508.5428053356,21.44212045862,508.5428053356,21.44212045862,-9.44,10.5,9.44,-10.5,5.2,5.2,28.23923511712
12.9,A_cruise,B_cruise,509.7491130252,21.52845508974,509.749118202,21.52845609336,-8.92,10.5,8.92,-10.5,5.2,5.2,27.5547745409
13.0,A_cruise,B_cruise,510.8927373644,21.56774154569,510.8927373644,21.56774154569,-8.4,10.5,8.4,-10.5,5.2,5.2,26.89312179722
13.1,A_cruise,B_cruise,511.9625773256,21.55156068886,511.9625773256,21.55156068886,-7.88,10.5,7.88,-10.5,5.2,5.2,26.25600121877
13.2,A_cruise,B_cruise,512.9460250065,21.47074807599,512.9460250065,21.47074807599,-7.36,10.5,7.36,-10.5,5.2,5.2,25.64524127397
13.3,A_cruise,B_cruise,513.8297177767,21.31588912055,513.8297177767,21.31588912055,-6.84,10.5,6.84,-10.5,5.2,5.2,25.06276920055
13.4,A_cruise,B_cruise,514.5998645902,21.07772889765,514.5998645902,21.07772889765,-6.32,10.5,6.32,-10.5,5.2,5.2,24.5106017878
13.5,A_cruise,B_cruise,515.2391949786,20.74778578249,515.2391949786,20.74778578249,-5.8,10.5,5.8,-10.5,5.2,5.2,23.99083158209
13.6,A_cruise,B_cruise,515.7508343192,20.32705864321,515.7508343192,20.32705864321,-5.28,10.5,5.28,-10.5,5.2,5.2,23.50560784153
13.7,A_cruise,B_cruise,516.1250569942,19.81531465022,516.1250569942,19.81531465022,-4.76,10.5,4.76,-10.5,5.2,5.2,23.05711170116
13.8,A_cruise,B_cruise,516.3480769698,19.20373983827,516.3480769698,19.20373983833,-4.24,10.5,4.24,-10.5,5.2,5.2,22.64752525112
13.9,A_cruise,B_cruise,516.4152141159,18.49411652743,516.4152141159,18.49411652743,-3.72,10.5,3.72,-10.5,5.2,5.2,22.27899459132
14.0,A_cruise,B_cruise,516.3221532393,17.68839411905,516.3221532394,17.68839411905,-3.2,10.5,3.2,-10.5,5.2,5.2,21.95358740616
14.1,A_cruise,B_cruise,516.0656242283,16.78970570897,516.0656242285,16.78970570911,-2.68,10.5,2.68,-10.5,5.2,5.2,21.67324618049
14.2,A_cruise,B_cruise,515.6425122846,15.80209704034,515.6425122849,15.80209704037,-2.16,10.5,2.16,-10.5,5.2,5.2,21.43973880438
14.3,A_cruise,B_cruise,515.0510944379,14.73160038271,515.0510944379,14.73160038271,-1.64,10.5,1.64,-10.5,5.2,5.2,21.25460891195
14.4,A_cruise,B_cruise,514.289773883,13.58389329029,514.289773883,13.5838932903,-1.12,10.5,1.12,-10.5,5.2,5.2,21.11912876991
14.5,A_cruise,B_cruise,513.3573275624,12.36531142877,513.3573275624,12.36531142877,-0.6,10.5,0.6,-10.5,5.2,5.2,21.03425777155
14.6,A_cruise,B_cruise,512.2535926169,11.08019163309,512.2535926168,11.08019163309,-0.07999999999998,10.5,0.07999999999998,-10.5,5.2,5.2,21.00060951496
14.7,A_cruise,B_cruise,510.9809457961,9.730524285515,510.9809457961,9.730524285515,0.44,10.5,-0.44,-10.5,5.2,5.2,21.01843000797
14.8,A_cruise,B_cruise,509.5368791324,8.298126841901,509.5368791324,8.298126841911,0.96,10.5,-0.96,-10.5,5.2,5.2,21.08758876686
14.9,A_cruise,B_cruise,507.9322798486,6.779312093004,507.9322798485,6.779312093001,1.48,10.5,-1.48,-10.5,5.2,5.2,21.20758354929
15.0,A_cruise,B_cruise,506.1850014794,5.164875561843,506.1850014793,5.164875561869,2.0,10.5,-2.0,-10.5,5.2,5.2,21.37755832643
15.1,A_cruise,B_cruise,504.3372933619,3.383550160205,504.3372933621,3.383550160261,2.52,10.5,-2.52,-10.5,5.2,5.2,21.59633302207
15.2,A_cruise,B_cruise,502.3914209421,1.469222182871,502.3914209417,1.469222182791,3.04,10.5,-3.04,-10.5,5.2,5.2,21.86244268146
15.3,A_cruise,B_cruise,500.2874257089,-0.3990556726295,500.2874257089,-0.3990556726311,3.56,10.5,-3.56,-10.5,5.2,5.2,22.17418318676
15.4,A_cruise,B_cruise,498.0586571906,-2.20833993758,498.0586571906,-2.208339937583,4.08,10.5,-4.08,-10.5,5.2,5.2,22.52966045017
15.5,A_cruise,B_cruise,495.7301608656,-4.059829390767,495.7301608656,-4.05982939077,4.6,10.5,-4.6,-10.5,5.2,5.2,22.92684016606
15.6,A_cruise,B_cruise,493.2925532773,-5.901126224224,493.2925532773,-5.90112622422,5.12,10.5,-5.12,-10.5,5.2,5.2,23.36359561369
15.7,A_cruise,B_cruise,490.7484960218,-7.685822720252,490.7484960218,-7.685822720258,5.64,10.5,-5.64,-10.5,5.2,5.2,23.83775157182
15.8,A_cruise,B_cruise,488.0979016528,-9.386350126528,488.0979016528,-9.386350126525,6.16,10.5,-6.16,-10.5,5.2,5.2,24.34712303333
15.9,A_cruise,B_cruise,485.3522023719,-10.98631610108,485.3522024072,-10.98631610727,6.68,10.5,-6.68,-10.5,5.2,5.2,24.88954800715
16.0,A_cruise,B_cruise,482.5355310315,-12.48061627512,482.5355310313,-12.48061627475,7.2,10.5,-7.2,-10.5,5.2,5.2,25.46291420871
16.1,A_cruise,B_cruise,479.6620699624,-13.85044411982,479.6620699626,-13.8504441198,7.72,10.5,-7.72,-10.5,5.2,5.2,26.06517983824
16.2,A_cruise,B_cruise,476.7441017799,-15.07610407161,476.7441017801,-15.07610407161,8.24,10.5,-8.24,-10.5,5.2,5.2,26.69438892352
16.3,A_cruise,B_cruise,473.7958488435,-16.15156304302,473.7958488436,-16.15156304304,8.76,10.5,-8.76,-10.5,5.2,5.2,27.34868186952
16.4,A_cruise,B_cruise,470.8313383536,-17.07627358513,470.8313383537,-17.07627358513,9.28,10.5,-9.28,-10.5,5.2,5.2,28.02630193229
16.5,A_cruise,B_cruise,467.8626991486,-17.85450750133,467.8626991486,-17.85450750133,9.8,10.5,-9.8,-10.5,5.2,5.2,28.72559834016
16.6,A_cruise,B_cruise,464.9008936277,-18.49582740146,464.9008936417,-18.49582739611,10.32,10.5,-10.32,-10.5,5.2,5.2,29.44502674477
16.7,A_cruise,B_cruise,461.9557274857,-19.01227715385,461.9557275374,-19.0122771597,10.84,10.5,-10.84,-10.5,5.2,5.2,30.18314761585
16.8,A_cruise,B_cruise,459.0356228369,-19.41684362518,459.035622837,-19.41684362518,11.36,10.5,-11.36,-10.5,5.2,5.2,30.93862311093
16.9,A_cruise,B_cruise,456.147506049,-19.72151256698,456.1475060489,-19.72151256696,11.88,10.5,-11.88,-10.5,5.2,5.2,31.71021286589
17.0,A_cruise,B_cruise,453.2970254788,-19.93731593552,453.2970254786,-19.93731593548,12.4,10.5,-12.4,-10.5,5.2,5.2,32.49676907017
17.1,A_cruise,B_cruise,450.4888343639,-20.07441011902,450.4888343637,-20.07441011899,12.92,10.5,-12.92,-10.5,5.2,5.2,33.29723111612
17.2,A_cruise,B_cruise,447.7267909726,-20.14240844655,447.7267909725,-20.14240844654,13.44,10.5,-13.44,-10.5,5.2,5.2,34.11062004713
17.3,A_cruise,B_cruise,445.0137001878,-20.1496161548,445.0137001874,-20.14961615468,13.96,10.5,-13.96,-10.5,5.2,5.2,34.93603297457
17.4,A_cruise,B_cruise,442.351747719,-20.10382588318,442.351747719,-20.10382588319,14.48,10.5,-14.48,-10.5,5.2,5.2,35.77263758797
17.5,A_cruise,B_cruise,439.7424767148,-20.01215900103,439.7424767148,-20.01215900103,15.0,10.5,-15.0,-10.5,5.2,5.2,36.6196668472
17.6,A_cruise,B_cruise,437.1870017088,-19.88115494008,437.1870017088,-19.88115494008,15.52,10.5,-15.52,-10.5,5.2,5.2,37.47641391596
17.7,A_cruise,B_cruise,434.6858727041,-19.71670090891,434.6858727041,-19.71670090891,16.04,10.5,-16.04,-10.5,5.2,5.2,38.34222737401
17.8,A_cruise,B_cruise,432.2392759801,-19.52408252704,432.2392759801,-19.52408252704,16.56,10.5,-16.56,-10.5,5.2,5.2,39.21650672867
17.9,A_cruise,B_cruise,429.8470750337,-19.30803818861,429.8470750337,-19.30803818861,17.08,10.5,-17.08,-10.5,5.2,5.2,40.09869823323
18.0,A_cruise,B_cruise,427.5089017984,-19.07284963118,427.5089017983,-19.07284963117,17.6,10.5,-17.6,-10.5,5.2,5.2,40.98829101097
18.1,A_cruise,B_cruise,425.2240850955,-18.82220709725,425.2240850955,-18.82220709725,18.12,10.5,-18.12,-10.5,5.2,5.2,41.88481347696
18.2,A_cruise,B_cruise,422.9917608593,-18.55933470644,422.9917608593,-18.55933470644,18.64,10.5,-18.64,-10.5,5.2,5.2,42.78783004547
18.3,A_cruise,B_cruise,420.8109437064,-18.2870484027,420.8109437064,-18.28704840269,19.16,10.5,-19.16,-10.5,5.2,5.2,43.69693810784
18.4,A_cruise,B_cruise,418.680567738,-18.00784161418,418.680567738,-18.00784161418,19.68,10.5,-19.68,-10.5,5.2,5.2,44.61176526433
18.5,A_cruise,B_cruise,416.5994962427,-17.72385041313,416.5994962427,-17.72385041313,20.2,10.5,-20.2,-10.5,5.2,5.2,45.53196679257
18.6,A_cruise,B_cruise,414.5665566824,-17.43690686643,414.5665566824,-17.43690686643,20.72,10.5,-20.72,-10.5,5.2,5.2,46.45722333502
18.7,A_cruise,B_cruise,412.5805471124,-17.14853773627,412.5805471124,-17.14853773627,21.24,10.5,-21.24,-10.5,5.2,5.2,47.38723878852
18.8,A_cruise,B_cruise,410.6400533249,-16.86004556317,410.6400533249,-16.86004556317,21.76,10.5,-21.76,-10.5,5.2,5.2,48.32173837933
18.9,A_cruise,B_cruise,408.7437155858,-16.57252329598,408.7437155858,-16.57252329598,22.28,10.5,-22.28,-10.5,5.2,5.2,49.26046690806
19.0,A_cruise,B_cruise,406.8902374325,-16.28689783176,406.8902349307,-16.28689741503,22.8,10.5,-22.8,-10.5,5.2,5.2,50.20318714982
19.1,A_cruise,B_cruise,405.0783636997,-16.00394778209,405.0783636997,-16.0039477821,23.32,10.5,-23.32,-10.5,5.2,5.2,51.14967839586
19.2,A_cruise,B_cruise,403.3068166905,-15.72430178888,403.3068166905,-15.72430178889,23.84,10.5,-23.84,-10.5,5.2,5.2,52.09973512409
19.3,A_cruise,B_cruise,401.5743199931,-15.448480261,401.5743199931,-15.44848026101,24.36,10.5,-24.36,-10.5,5.2,5.2,53.05316578678
19.4,A_cruise,B_cruise,399.879641686,-15.17690425126,399.879641686,-15.17690425126,24.88,10.5,-24.88,-10.5,5.2,5.2,54.00979170484
19.5,A_cruise,B_cruise,398.221585768,-14.90990616888,398.2215857681,-14.90990616889,25.4,10.5,-25.4,-10.5,5.2,5.2,54.9694460587
19.6,A_cruise,B_cruise,396.5990095326,-14.64775190208,396.5990095326,-14.64775190208,25.92,10.5,-25.92,-10.5,5.2,5.2,55.93197296717
19.7,A_cruise,B_cruise,395.0107866131,-14.39063798776,395.010786688,-14.39063799558,26.44,10.5,-26.44,-10.5,5.2,5.2,56.89722664594
19.8,A_cruise,B_cruise,393.4557888288,-14.13869488123,393.455788829,-14.13869488127,26.96,10.5,-26.96,-10.5,5.2,5.2,57.86507063851
19.9,A_cruise,B_cruise,391.9329541599,-13.89201830217,391.9329541602,-13.89201830221,27.48,10.5,-27.48,-10.5,5.2,5.2,58.83537711275
20.0,A_cruise,B_cruise,390.4412559249,-13.65066524949,390.4412559251,-13.65066524953,28.0,10.5,-28.0,-10.5,5.2,5.2,59.80802621722
20.1,A_cruise,B_cruise,388.9797024572,-13.41466005326,388.9797024574,-13.41466005329,28.52,10.5,-28.52,-10.5,5.2,5.2,60.78290549159
20.2,A_cruise,B_cruise,387.5473367792,-13.18399961934,387.5473367794,-13.18399961937,29.04,10.5,-29.04,-10.5,5.2,5.2,61.75990932636
20.3,A_cruise,B_cruise,386.1432360978,-12.9586579536,386.1432347453,-12.95865778815,29.56,10.5,-29.56,-10.5,5.2,5.2,62.73893846727
20.4,A_cruise,B_cruise,384.7665208584,-12.73859119887,384.7665206498,-12.73859115653,30.08,10.5,-30.08,-10.5,5.2,5.2,63.7198995605
20.5,A_cruise,B_cruise,383.4163253211,-12.5237375905,383.4163253339,-12.52373759308,30.6,10.5,-30.6,-10.5,5.2,5.2,64.70270473481
20.6,A_cruise,B_cruise,382.0918327927,-12.31402519708,382.0918327927,-12.31402519709,31.12,10.5,-31.12,-10.5,5.2,5.2,65.68727121749
20.7,A_cruise,B_cruise,380.7922392175,-12.10936831297,380.7922392176,-12.10936831298,31.64,10.5,-31.64,-10.5,5.2,5.2,66.67352098097
20.8,A_cruise,B_cruise,379.5167805861,-11.90967487992,379.5167805862,-11.90967487993,32.16,10.5,-32.16,-10.5,5.2,5.2,67.66138041749
20.9,A_cruise,B_cruise,378.2647217553,-11.71484639469,378.2647217553,-11.7148463947,32.68,10.5,-32.68,-10.5,5.2,5.2,68.65078003927
21.0,A_cruise,B_cruise,377.0353554271,-11.52477944047,377.0353554272,-11.52477944048,33.2,10.5,-33.2,-10.5,5.2,5.2,69.64165420207
21.1,A_cruise,B_cruise,375.8280011266,-11.33936698921,375.8280011267,-11.33936698922,33.72,10.5,-33.72,-10.5,5.2,5.2,70.63394084999
21.2,A_cruise,B_cruise,374.6420041869,-11.15849950651,374.642004187,-11.15849950651,34.24,10.5,-34.24,-10.5,5.2,5.2,71.62758127984
21.3,A_cruise,B_cruise,373.4767347481,-10.98206588604,373.4767347482,-10.98206588604,34.76,10.5,-34.76,-10.5,5.2,5.2,72.62251992323
21.4,A_cruise,B_cruise,372.3315867759,-10.80995423731,372.331586776,-10.80995423732,35.28,10.5,-35.28,-10.5,5.2,5.2,73.61870414507
21.5,A_cruise,B_cruise,371.2059771029,-10.64205254698,371.205977103,-10.64205254699,35.8,10.5,-35.8,-10.5,5.2,5.2,74.61608405699
21.6,A_cruise,B_cruise,370.0993444967,-10.47824923141,370.0993444967,-10.47824923141,36.32,10.5,-36.32,-10.5,5.2,5.2,75.61461234444
21.7,A_cruise,B_cruise,369.0111487555,-10.31843359575,369.0111487556,-10.31843359575,36.84,10.5,-36.84,-10.5,5.2,5.2,76.61424410643
21.8,A_cruise,B_cruise,367.940869835,-10.16249621272,367.940869835,-10.16249621273,37.36,10.5,-37.36,-10.5,5.2,5.2,77.6149367068
21.9,A_cruise,B_cruise,366.8880065191,-10.01032910787,366.8880070091,-10.01032923307,37.88,10.5,-37.88,-10.5,5.2,5.2,78.61664963607
22.0,A_cruise,B_cruise,365.8520802628,-9.861827202954,365.8520802483,-9.861827202908,38.4,10.5,-38.4,-10.5,5.2,5.2,79.61934438313
22.1,A_cruise,B_cruise,364.8326247382,-9.716885628626,364.8326247382,-9.716885628626,38.92,10.5,-38.92,-10.5,5.2,5.2,80.62298431589
22.2,A_cruise,B_cruise,363.8291907961,-9.575402588409,363.8291907961,-9.575402588409,39.44,10.5,-39.44,-10.5,5.2,5.2,81.62753457014
22.3,A_cruise,B_cruise,362.841349368,-9.437278863785,362.841349368,-9.437278863785,39.96,10.5,-39.96,-10.5,5.2,5.2,82.63296194619
22.4,A_cruise,B_cruise,361.8686891496,-9.302417892861,361.8686891496,-9.302417892861,40.48,10.5,-40.48,-10.5,5.2,5.2,83.63923481238
22.5,A_cruise,B_cruise,360.9108022059,-9.170724118479,360.9108022059,-9.170724118443,41.0,10.5,-41.0,-10.5,5.2,5.2,84.64632301524
22.6,A_cruise,B_cruise,359.9673020346,-9.042105395697,359.9673020345,-9.042105395664,41.52,10.5,-41.52,-10.5,5.2,5.2,85.65419779555
22.7,A_cruise,B_cruise,359.0378158006,-8.916472096317,359.0378158006,-8.916472096317,42.04,10.5,-42.04,-10.5,5.2,5.2,86.66283171002
22.8,A_cruise,B_cruise,358.1219837602,-8.793737113107,358.1219837602,-8.793737113095,42.56,10.5,-42.56,-10.5,5.2,5.2,87.67219855804
22.9,A_cruise,B_cruise,357.2194587118,-8.673815851696,357.2194587118,-8.673815851687,43.08,10.5,-43.08,-10.5,5.2,5.2,88.68227331322
23.0,A_cruise,B_cruise,356.3299099651,-8.556626759562,356.3299099651,-8.556626759562,43.6,10.5,-43.6,-10.5,5.2,5.2,89.69303205935
23.1,A_cruise,B_cruise,355.4530131552,-8.442090103128,355.4530131552,-8.442090103128,44.12,10.5,-44.12,-10.5,5.2,5.2,90.70445193043
23.2,A_cruise,B_cruise,354.5884513929,-8.330128150134,354.5884513929,-8.330128150134,44.64,10.5,-44.64,-10.5,5.2,5.2,91.71651105444
23.3,A_cruise,B_cruise,353.7359226481,-8.220666079345,353.7359226481,-8.220666079346,45.16,10.5,-45.16,-10.5,5.2,5.2,92.72918850071
23.4,A_cruise,B_cruise,352.8951350324,-8.113631406502,352.8951350324,-8.113631406502,45.68,10.5,-45.68,-10.5,5.2,5.2,93.74246423046
23.5,A_cruise,B_cruise,352.0658063838,-8.008953933028,352.0658063838,-8.008953933028,46.2,10.5,-46.2,-10.5,5.2,5.2,94.7563190505
23.6,A_cruise,B_cruise,351.2476638698,-7.906565691804,351.2476638698,-7.906565691804,46.72,10.5,-46.72,-10.5,5.2,5.2,95.7707345696
23.7,A_cruise,B_cruise,350.4404436093,-7.806400890767,350.4404436093,-7.806400890767,47.24,10.5,-47.24,-10.5,5.2,5.2,96.78569315762
23.8,A_cruise,B_cruise,349.643890311,-7.708395854984,349.643890311,-7.708395854984,47.76,10.5,-47.76,-10.5,5.2,5.2,97.80117790702
23.9,A_cruise,B_cruise,348.8577569293,-7.612488967759,348.8577569293,-7.612488967759,48.28,10.5,-48.28,-10.5,5.2,5.2,98.81717259667
24.0,A_cruise,B_cruise,348.081804335,-7.518620611216,348.081804335,-7.518620611216,48.8,10.5,-48.8,-10.5,5.2,5.2,99.83366165778
24.1,A_cruise,B_cruise,347.3158010057,-7.426733107161,347.3158010057,-7.426733107159,49.32,10.5,-49.32,-10.5,5.2,5.2,100.8506301418
24.2,A_cruise,B_cruise,346.5595227178,-7.336770656954,346.5595227178,-7.336770656954,49.84,10.5,-49.84,-10.5,5.2,5.2,101.8680636902
24.3,A_cruise,B_cruise,345.8127522664,-7.24867928328,345.8127522664,-7.248679283281,50.36,10.5,-50.36,-10.5,5.2,5.2,102.8859485061
24.4,A_cruise,B_cruise,345.0752791859,-7.16240677114,345.0752791859,-7.162406771141,50.88,10.5,-50.88,-10.5,5.2,5.2,103.904271327
24.5,A_cruise,B_cruise,344.3468994983,-7.077902611866,344.3468994983,-7.077902611866,51.4,10.5,-51.4,-10.5,5.2,5.2,104.9230193999
24.6,A_cruise,B_cruise,343.6274154597,-6.995117946362,343.6274154597,-6.995117946362,51.92,10.5,-51.92,-10.5,5.2,5.2,105.9421804571
24.7,A_cruise,B_cruise,342.9166353226,-6.914005510068,342.9166353226,-6.914005510068,52.44,10.5,-52.44,-10.5,5.2,5.2,106.9617426934
24.8,A_cruise,B_cruise,342.2143731086,-6.834519579175,342.2143731086,-6.834519579175,52.96,10.5,-52.96,-10.5,5.2,5.2,107.981694745
24.9,A_cruise,B_cruise,341.5204483904,-6.756615918164,341.5204483904,-6.756615918164,53.48,10.5,-53.48,-10.5,5.2,5.2,109.0020256693
25.0,A_cruise,B_cruise,340.8346860851,-6.680251728734,340.8346860851,-6.680251728734,54.0,10.5,-54.0,-10.5,5.2,5.2,110.0227249254
25.1,A_cruise,B_cruise,340.1569162543,-6.605385600137,340.1569162543,-6.605385600137,54.52,10.5,-54.52,-10.5,5.2,5.2,111.0437823563
25.2,A_cruise,B_cruise,339.4869739153,-6.531977460955,339.4869739153,-6.531977460955,55.04,10.5,-55.04,-10.5,5.2,5.2,112.0651881719
25.3,A_cruise,B_cruise,338.8246988585,-6.459988532333,338.8246988585,-6.459988532333,55.56,10.5,-55.56,-10.5,5.2,5.2,113.0869329321
25.4,A_cruise,B_cruise,338.1699354737,-6.389381282666,338.1699354737,-6.389381282666,56.08,10.5,-56.08,-10.5,5.2,5.2,114.1090075323
25.5,A_cruise,B_cruise,337.5225325841,-6.320119383728,337.5225325841,-6.320119383728,56.6,10.5,-56.6,-10.5,5.2,5.2,115.1314031878
25.6,A_cruise,B_cruise,336.8823432865,-6.252167668247,336.8823432865,-6.252167668247,57.12,10.5,-57.12,-10.5,5.2,5.2,116.154111421
25.7,A_cruise,B_cruise,336.2492247988,-6.18549208889,336.2492247988,-6.18549208889,57.64,10.5,-57.64,-10.5,5.2,5.2,117.1771240473
25.8,A_cruise,B_cruise,335.623038314,-6.120059678651,335.623038314,-6.120059678651,58.16,10.5,-58.16,-10.5,5.2,5.2,118.2004331633
25.9,A_cruise,B_cruise,335.0036488603,-6.055838512602,335.0036488603,-6.055838512602,58.68,10.5,-58.68,-10.5,5.2,5.2,119.2240311347
26.0,A_cruise,B_cruise,334.390925167,-5.992797670989,334.390925167,-5.992797670989,59.2,10.5,-59.2,-10.5,5.2,5.2,120.2479105848
26.1,A_cruise,B_cruise,333.7847395358,-5.93090720366,333.7847395358,-5.93090720366,59.72,10.5,-59.72,-10.5,5.2,5.2,121.2720643842
26.2,A_cruise,B_cruise,333.1849677218,-5.870138096083,333.1849677218,-5.870138096083,60.24,10.5,-60.24,-10.5,5.2,5.2,122.2964856404
26.3,A_cruise,B_cruise,332.5914888033,-5.810462235206,332.5914888033,-5.810462235205,60.76,10.5,-60.76,-10.5,5.2,5.2,123.3211676883
26.4,A_cruise,B_cruise,332.0041850822,-5.75185237883,332.0041850822,-5.75185237883,61.28,10.5,-61.28,-10.5,5.2,5.2,124.3461040805
26.5,A_cruise,B_cruise,331.4229419628,-5.694282123642,331.4229419628,-5.694282123641,61.8,10.5,-61.8,-10.5,5.2,5.2,125.3712885792
26.6,A_cruise,B_cruise,330.8476478578,-5.637725876775,330.8476478578,-5.637725876775,62.32,10.5,-62.32,-10.5,5.2,5.2,126.3967151472
26.7,A_cruise,B_cruise,330.2781940843,-5.582158826896,330.2781940843,-5.582158826896,62.84,10.5,-62.84,-10.5,5.2,5.2,127.4223779405
26.8,A_cruise,B_cruise,329.7144747676,-5.527556916775,329.7144747676,-5.527556916776,63.36,10.5,-63.36,-10.5,5.2,5.2,128.4482713002
26.9,A_cruise,B_cruise,329.1563867484,-5.473896816897,329.1563867484,-5.473896816897,63.88,10.5,-63.88,-10.5,5.2,5.2,129.4743897456
27.0,A_cruise,B_cruise,328.6038294947,-5.421155900045,328.6038294947,-5.421155900045,64.4,10.5,-64.4,-10.5,5.2,5.2,130.5007279673
27.1,A_cruise,B_cruise,328.056705016,-5.369312216848,328.056705016,-5.369312216848,64.92,10.5,-64.92,-10.5,5.2,5.2,131.5272808204
27.2,A_cruise,B_cruise,327.5149177815,-5.318344472243,327.5149177815,-5.318344472243,65.44,10.5,-65.44,-10.5,5.2,5.2,132.5540433182
27.3,A_cruise,B_cruise,326.9783746414,-5.268232002822,326.9783746414,-5.268232002822,65.96,10.5,-65.96,-10.5,5.2,5.2,133.5810106265
27.4,A_cruise,B_cruise,326.4469847463,-5.218954754734,326.4469847463,-5.218954754734,66.48,10.5,-66.48,-10.5,5.2,5.2,134.6081780577
27.5,A_cruise,B_cruise,325.9206594832,-5.170493263169,325.9206594151,-5.170493264068,67.0,10.5,-67.0,-10.5,5.2,5.2,135.635541065
27.6,A_cruise,B_cruise,325.3993124034,-5.12282863163,325.3993124034,-5.122828631629,67.52,10.5,-67.52,-10.5,5.2,5.2,136.6630952379
27.7,A_cruise,B_cruise,324.8828592222,-5.075942513719,324.8828591783,-5.07594250587,68.04,10.5,-68.04,-10.5,5.2,5.2,137.6908362964
27.8,A_cruise,B_cruise,324.371217662,-5.029817114402,324.371217662,-5.029817114402,68.56,10.5,-68.56,-10.5,5.2,5.2,138.7187600867
27.9,A_cruise,B_cruise,323.8643072867,-4.984435116143,323.8643072867,-4.984435116143,69.08,10.5,-69.08,-10.5,5.2,5.2,139.7468625766
28.0,A_cruise,B_cruise,323.3620496056,-4.939779703201,323.3620496056,-4.939779703201,69.6,10.5,-69.6,-10.5,5.2,5.2,140.7751398508
28.1,A_cruise,B_cruise,322.8643680131,-4.895834545547,322.8643680131,-4.895834545547,70.12,10.5,-70.12,-10.5,5.2,5.2,141.8035881069
28.2,A_cruise,B_cruise,322.3711877013,-4.852583776074,322.3711877013,-4.852583776074,70.64,10.5,-70.64,-10.5,5.2,5.2,142.8322036517
28.3,A_cruise,B_cruise,321.8824356017,-4.810011974777,321.8824356017,-4.810011974777,71.16,10.5,-71.16,-10.5,5.2,5.2,143.8609828967
28.4,A_cruise,B_cruise,321.3980403335,-4.768104153884,321.3980403335,-4.768104153884,71.68,10.5,-71.68,-10.5,5.2,5.2,144.8899223549
28.5,A_cruise,B_cruise,320.9179321536,-4.726845743545,320.9179321536,-4.726845743545,72.2,10.5,-72.2,-10.5,5.2,5.2,145.9190186371
28.6,A_cruise,B_cruise,320.4420429085,-4.686222578047,320.4420429085,-4.686222578047,72.72,10.5,-72.72,-10.5,5.2,5.2,146.9482684485
28.7,A_cruise,B_cruise,319.9703059876,-4.646220882547,319.9703059876,-4.646220882547,73.24,10.5,-73.24,-10.5,5.2,5.2,147.9776685855
28.8,A_cruise,B_cruise,319.5026562786,-4.606827260286,319.5026562786,-4.606827260286,73.76,10.5,-73.76,-10.5,5.2,5.2,149.0072159327
28.9,A_cruise,B_cruise,319.039030124,-4.568028680284,319.039030124,-4.568028680284,74.28,10.5,-74.28,-10.5,5.2,5.2,150.0369074595
29.0,A_cruise,B_cruise,318.5793652794,-4.529812465484,318.5793652794,-4.529812465484,74.8,10.5,-74.8,-10.5,5.2,5.2,151.0667402177
29.1,A_cruise,B_cruise,318.1236008734,-4.492166281316,318.1236008735,-4.492166281326,75.32,10.5,-75.32,-10.5,5.2,5.2,152.0967113385
29.2,A_cruise,B_cruise,317.6716773742,-4.455078125212,317.6716773742,-4.455078125212,75.84,10.5,-75.84,-10.5,5.2,5.2,153.12681803
